{"cameraMode":{"drawMode":0,"name":"Shaded","section":"Shading Mode"},"sceneLighting":true,"audioPlay":true,"sceneViewState":{"m_AlwaysRefresh":false,"showFog":true,"showSkybox":true,"showFlares":true,"showImageEffects":true,"showParticleSystems":true,"showVisualEffectGraphs":true,"m_FxEnabled":true},"in2DMode":false,"pivot":{"x":0.19509218633174897,"y":0.9209815859794617,"z":-0.556342363357544},"rotation":{"x":0.003725384594872594,"y":0.984362006187439,"z":-0.1748657524585724,"w":0.020970972254872323},"size":1.0428720712661744,"orthographic":false}