{"cameraMode":{"drawMode":0,"name":"Shaded","section":"Shading Mode"},"sceneLighting":true,"audioPlay":false,"sceneViewState":{"m_AlwaysRefresh":false,"showFog":true,"showSkybox":true,"showFlares":true,"showImageEffects":true,"showParticleSystems":true,"showVisualEffectGraphs":true,"m_FxEnabled":false},"in2DMode":false,"pivot":{"x":-0.6042450070381165,"y":-12.055785179138184,"z":-36.97305679321289},"rotation":{"x":-0.0027607777155935766,"y":0.9852383732795715,"z":-0.1704530268907547,"w":-0.015963390469551088},"size":22.46585464477539,"orthographic":false}