{"cameraMode":{"drawMode":0,"name":"Shaded","section":"Shading Mode"},"sceneLighting":true,"audioPlay":false,"sceneViewState":{"m_AlwaysRefresh":false,"showFog":true,"showSkybox":true,"showFlares":true,"showImageEffects":true,"showParticleSystems":true,"showVisualEffectGraphs":true,"m_FxEnabled":false},"in2DMode":false,"pivot":{"x":8.108670234680176,"y":-30.495059967041017,"z":32.734703063964847},"rotation":{"x":-0.42074713110923769,"y":-0.23050791025161744,"z":0.11142191290855408,"w":-0.8703122138977051},"size":22.46585464477539,"orthographic":false}