{"cameraMode":{"drawMode":0,"name":"Shaded","section":"Shading Mode"},"sceneLighting":true,"audioPlay":false,"sceneViewState":{"m_AlwaysRefresh":false,"showFog":true,"showSkybox":true,"showFlares":true,"showImageEffects":true,"showParticleSystems":true,"showVisualEffectGraphs":true,"m_FxEnabled":false},"in2DMode":false,"pivot":{"x":39.83613586425781,"y":-11.970902442932129,"z":3.6797306537628176},"rotation":{"x":0.18097072839736939,"y":0.6544069051742554,"z":-0.16557112336158753,"w":0.7152610421180725},"size":18.899999618530275,"orthographic":false}